,Area,Mean,Min,Max,Length
1,2811884.0,255.0,255,255,568525.5
2,2.0,255.0,255,255,2.7
3,1.0,255.0,255,255,1.35
4,9.0,255.0,255,255,12.15
5,4.0,255.0,255,255,5.4
6,1.0,255.0,255,255,1.35
7,1.0,255.0,255,255,1.35
8,1.0,255.0,255,255,1.35
9,1.0,255.0,255,255,1.35
10,1.0,255.0,255,255,1.35
11,2.0,255.0,255,255,2.7
12,1.0,255.0,255,255,1.35
13,1.0,255.0,255,255,1.35
14,1.0,255.0,255,255,1.35
15,1.0,255.0,255,255,1.35
16,36.0,255.0,255,255,48.6
17,3.0,255.0,255,255,4.050000000000001
18,3.0,255.0,255,255,4.050000000000001
19,1.0,255.0,255,255,1.35
20,2.0,255.0,255,255,2.7
21,1.0,255.0,255,255,1.35
22,1.0,255.0,255,255,1.35
23,3.0,255.0,255,255,4.050000000000001
24,1.0,255.0,255,255,1.35
25,2.0,255.0,255,255,2.7
26,4.0,255.0,255,255,5.4
27,3.0,255.0,255,255,4.050000000000001
28,1.0,255.0,255,255,1.35
29,2.0,255.0,255,255,2.7
30,2.0,255.0,255,255,2.7
31,1.0,255.0,255,255,1.35
32,1.0,255.0,255,255,1.35
33,1.0,255.0,255,255,1.35
34,1.0,255.0,255,255,1.35
35,1.0,255.0,255,255,1.35
36,2.0,255.0,255,255,2.7
37,6.0,255.0,255,255,8.100000000000001
38,10.0,255.0,255,255,13.5
39,1.0,255.0,255,255,1.35
40,4.0,255.0,255,255,5.4
41,10.0,255.0,255,255,13.5
42,1.0,255.0,255,255,1.35
43,2.0,255.0,255,255,2.7
44,8.0,255.0,255,255,10.8
45,4.0,255.0,255,255,5.4
46,2.0,255.0,255,255,2.7
47,1.0,255.0,255,255,1.35
48,2.0,255.0,255,255,2.7
49,1.0,255.0,255,255,1.35
50,1.0,255.0,255,255,1.35
51,18.0,255.0,255,255,21.6
52,1.0,255.0,255,255,1.35
53,15.0,255.0,255,255,20.25
54,1.0,255.0,255,255,1.35
55,1.0,255.0,255,255,1.35
56,1.0,255.0,255,255,1.35
57,1.0,255.0,255,255,1.35
58,2.0,255.0,255,255,2.7
59,1.0,255.0,255,255,1.35
60,1.0,255.0,255,255,1.35
61,1.0,255.0,255,255,1.35
62,1.0,255.0,255,255,1.35
63,1.0,255.0,255,255,1.35
64,1.0,255.0,255,255,1.35
65,1.0,255.0,255,255,1.35
66,1.0,255.0,255,255,1.35
67,6.0,255.0,255,255,8.100000000000001
68,1.0,255.0,255,255,1.35
69,12.0,255.0,255,255,16.200000000000003
70,4.0,255.0,255,255,5.4
71,2.0,255.0,255,255,2.7
72,1.0,255.0,255,255,1.35
73,2.0,255.0,255,255,2.7
74,1.0,255.0,255,255,1.35
75,1.0,255.0,255,255,1.35
76,1.0,255.0,255,255,1.35
77,11.0,255.0,255,255,14.850000000000001
78,1.0,255.0,255,255,1.35
79,1.0,255.0,255,255,1.35
80,15.0,255.0,255,255,20.25
81,2.0,255.0,255,255,2.7
82,2.0,255.0,255,255,2.7
83,2.0,255.0,255,255,2.7
84,33.0,255.0,255,255,39.150000000000006
85,2.0,255.0,255,255,2.7
86,1.0,255.0,255,255,1.35
87,3.0,255.0,255,255,4.050000000000001
88,1.0,255.0,255,255,1.35
89,3.0,255.0,255,255,4.050000000000001
90,10.0,255.0,255,255,13.5
91,1.0,255.0,255,255,1.35
92,1.0,255.0,255,255,1.35
93,1.0,255.0,255,255,1.35
94,4.0,255.0,255,255,5.4
95,4.0,255.0,255,255,5.4
96,1.0,255.0,255,255,1.35
97,2.0,255.0,255,255,2.7
98,2.0,255.0,255,255,2.7
99,1.0,255.0,255,255,1.35
100,11.0,255.0,255,255,14.850000000000001
101,7.0,255.0,255,255,9.450000000000001
102,2.0,255.0,255,255,2.7
103,1.0,255.0,255,255,1.35
104,1.0,255.0,255,255,1.35
105,2.0,255.0,255,255,2.7
106,3.0,255.0,255,255,4.050000000000001
107,1.0,255.0,255,255,1.35
108,1.0,255.0,255,255,1.35
109,1.0,255.0,255,255,1.35
110,4.0,255.0,255,255,5.4
111,5.0,255.0,255,255,6.75
112,1.0,255.0,255,255,1.35
113,2.0,255.0,255,255,2.7
114,1.0,255.0,255,255,1.35
115,14.0,255.0,255,255,18.900000000000002
116,2.0,255.0,255,255,2.7
117,1.0,255.0,255,255,1.35
118,1.0,255.0,255,255,1.35
119,1.0,255.0,255,255,1.35
120,1.0,255.0,255,255,1.35
121,2.0,255.0,255,255,2.7
122,1.0,255.0,255,255,1.35
123,4.0,255.0,255,255,5.4
124,3.0,255.0,255,255,4.050000000000001
125,1.0,255.0,255,255,1.35
126,1.0,255.0,255,255,1.35
127,1.0,255.0,255,255,1.35
128,1.0,255.0,255,255,1.35
129,4.0,255.0,255,255,5.4
130,31.0,255.0,255,255,36.45
131,1.0,255.0,255,255,1.35
132,3.0,255.0,255,255,4.050000000000001
133,2.0,255.0,255,255,2.7
134,1.0,255.0,255,255,1.35
135,8.0,255.0,255,255,10.8
136,1.0,255.0,255,255,1.35
137,1.0,255.0,255,255,1.35
138,7.0,255.0,255,255,9.450000000000001
139,25.0,255.0,255,255,33.75
140,3.0,255.0,255,255,4.050000000000001
141,4.0,255.0,255,255,5.4
142,2.0,255.0,255,255,2.7
143,4.0,255.0,255,255,5.4
144,1.0,255.0,255,255,1.35
145,1.0,255.0,255,255,1.35
146,1.0,255.0,255,255,1.35
147,4.0,255.0,255,255,5.4
148,1.0,255.0,255,255,1.35
149,1.0,255.0,255,255,1.35
150,16.0,255.0,255,255,21.6
151,1.0,255.0,255,255,1.35
152,6.0,255.0,255,255,8.100000000000001
153,6.0,255.0,255,255,8.100000000000001
154,1.0,255.0,255,255,1.35
155,3.0,255.0,255,255,4.050000000000001
156,1.0,255.0,255,255,1.35
157,7.0,255.0,255,255,9.450000000000001
158,1.0,255.0,255,255,1.35
159,3.0,255.0,255,255,4.050000000000001
160,2.0,255.0,255,255,2.7
161,1.0,255.0,255,255,1.35
162,4.0,255.0,255,255,5.4
163,2.0,255.0,255,255,2.7
164,3.0,255.0,255,255,4.050000000000001
165,1.0,255.0,255,255,1.35
166,1.0,255.0,255,255,1.35
167,36.0,255.0,255,255,40.5
168,16.0,255.0,255,255,20.25
169,13.0,255.0,255,255,17.55
170,6.0,255.0,255,255,8.100000000000001
171,3.0,255.0,255,255,4.050000000000001
172,2.0,255.0,255,255,2.7
173,2.0,255.0,255,255,2.7
174,1.0,255.0,255,255,1.35
175,2.0,255.0,255,255,2.7
176,6.0,255.0,255,255,8.100000000000001
177,19.0,255.0,255,255,21.6
178,2.0,255.0,255,255,2.7
179,1.0,255.0,255,255,1.35
180,1.0,255.0,255,255,1.35
181,1.0,255.0,255,255,1.35
182,1.0,255.0,255,255,1.35
183,1.0,255.0,255,255,1.35
184,1.0,255.0,255,255,1.35
185,1.0,255.0,255,255,1.35
186,3.0,255.0,255,255,4.050000000000001
187,3.0,255.0,255,255,4.050000000000001
188,1.0,255.0,255,255,1.35
189,20.0,255.0,255,255,24.3
190,1.0,255.0,255,255,1.35
191,2.0,255.0,255,255,2.7
192,19.0,255.0,255,255,24.3
193,1.0,255.0,255,255,1.35
194,5.0,255.0,255,255,6.75
195,3.0,255.0,255,255,4.050000000000001
196,2.0,255.0,255,255,2.7
197,1.0,255.0,255,255,1.35
198,10.0,255.0,255,255,13.5
199,1.0,255.0,255,255,1.35
200,1.0,255.0,255,255,1.35
201,2.0,255.0,255,255,2.7
202,1.0,255.0,255,255,1.35
203,1.0,255.0,255,255,1.35
204,3.0,255.0,255,255,4.050000000000001
205,2.0,255.0,255,255,2.7
206,5.0,255.0,255,255,6.75
207,1.0,255.0,255,255,1.35
208,3.0,255.0,255,255,4.050000000000001
209,5.0,255.0,255,255,6.75
210,2.0,255.0,255,255,2.7
211,21.0,255.0,255,255,24.3
212,11.0,255.0,255,255,14.850000000000001
213,1.0,255.0,255,255,1.35
214,1.0,255.0,255,255,1.35
215,1.0,255.0,255,255,1.35
216,1.0,255.0,255,255,1.35
217,6.0,255.0,255,255,8.100000000000001
218,1.0,255.0,255,255,1.35
219,11.0,255.0,255,255,14.850000000000001
220,1.0,255.0,255,255,1.35
221,8.0,255.0,255,255,10.8
222,1.0,255.0,255,255,1.35
223,1.0,255.0,255,255,1.35
224,5.0,255.0,255,255,6.75
225,2.0,255.0,255,255,2.7
226,5.0,255.0,255,255,6.75
227,1.0,255.0,255,255,1.35
228,3.0,255.0,255,255,4.050000000000001
229,128.0,255.0,255,255,124.2
230,1.0,255.0,255,255,1.35
231,9.0,255.0,255,255,10.8
232,1.0,255.0,255,255,1.35
233,1.0,255.0,255,255,1.35
234,1.0,255.0,255,255,1.35
235,2.0,255.0,255,255,2.7
236,2.0,255.0,255,255,2.7
237,1.0,255.0,255,255,1.35
238,4.0,255.0,255,255,5.4
239,6.0,255.0,255,255,8.100000000000001
240,1.0,255.0,255,255,1.35
241,1.0,255.0,255,255,1.35
242,1.0,255.0,255,255,1.35
243,3.0,255.0,255,255,4.050000000000001
244,15.0,255.0,255,255,20.25
245,1.0,255.0,255,255,1.35
246,1.0,255.0,255,255,1.35
247,1.0,255.0,255,255,1.35
248,1.0,255.0,255,255,1.35
249,1.0,255.0,255,255,1.35
250,2.0,255.0,255,255,2.7
251,1.0,255.0,255,255,1.35
252,1.0,255.0,255,255,1.35
253,2.0,255.0,255,255,2.7
254,1.0,255.0,255,255,1.35
255,1.0,255.0,255,255,1.35
256,1.0,255.0,255,255,1.35
257,1.0,255.0,255,255,1.35
258,2.0,255.0,255,255,2.7
259,1.0,255.0,255,255,1.35
260,5.0,255.0,255,255,6.75
261,2.0,255.0,255,255,2.7
262,2.0,255.0,255,255,2.7
263,1.0,255.0,255,255,1.35
264,5.0,255.0,255,255,6.75
265,1.0,255.0,255,255,1.35
266,5.0,255.0,255,255,6.75
267,1.0,255.0,255,255,1.35
268,4.0,255.0,255,255,5.4
269,1.0,255.0,255,255,1.35
270,1.0,255.0,255,255,1.35
271,2.0,255.0,255,255,2.7
272,11.0,255.0,255,255,14.850000000000001
273,1.0,255.0,255,255,1.35
274,1.0,255.0,255,255,1.35
275,1.0,255.0,255,255,1.35
276,1.0,255.0,255,255,1.35
277,3.0,255.0,255,255,4.050000000000001
278,5.0,255.0,255,255,6.75
279,1.0,255.0,255,255,1.35
280,1.0,255.0,255,255,1.35
281,30.0,255.0,255,255,40.5
282,2.0,255.0,255,255,2.7
283,1.0,255.0,255,255,1.35
284,1.0,255.0,255,255,1.35
285,1.0,255.0,255,255,1.35
286,1.0,255.0,255,255,1.35
287,1.0,255.0,255,255,1.35
288,2.0,255.0,255,255,2.7
289,1.0,255.0,255,255,1.35
290,1.0,255.0,255,255,1.35
291,1.0,255.0,255,255,1.35
292,1.0,255.0,255,255,1.35
293,1.0,255.0,255,255,1.35
294,1.0,255.0,255,255,1.35
295,8.0,255.0,255,255,10.8
296,1.0,255.0,255,255,1.35
297,1.0,255.0,255,255,1.35
298,1.0,255.0,255,255,1.35
299,2.0,255.0,255,255,2.7
300,1.0,255.0,255,255,1.35
301,4.0,255.0,255,255,5.4
302,1.0,255.0,255,255,1.35
303,26.0,255.0,255,255,35.1
304,9.0,255.0,255,255,12.15
305,2.0,255.0,255,255,2.7
306,13.0,255.0,255,255,17.55
307,24.0,255.0,255,255,31.05
308,2.0,255.0,255,255,2.7
309,3.0,255.0,255,255,4.050000000000001
310,2.0,255.0,255,255,2.7
311,2.0,255.0,255,255,2.7
312,7.0,255.0,255,255,9.450000000000001
313,4.0,255.0,255,255,5.4
314,3.0,255.0,255,255,4.050000000000001
315,1.0,255.0,255,255,1.35
316,5.0,255.0,255,255,6.75
317,1.0,255.0,255,255,1.35
318,2.0,255.0,255,255,2.7
319,3.0,255.0,255,255,4.050000000000001
320,2.0,255.0,255,255,2.7
321,1.0,255.0,255,255,1.35
322,1.0,255.0,255,255,1.35
323,3.0,255.0,255,255,4.050000000000001
324,2.0,255.0,255,255,2.7
325,1.0,255.0,255,255,1.35
326,1.0,255.0,255,255,1.35
327,1.0,255.0,255,255,1.35
328,1.0,255.0,255,255,1.35
329,1.0,255.0,255,255,1.35
330,3.0,255.0,255,255,4.050000000000001
331,1.0,255.0,255,255,1.35
332,2.0,255.0,255,255,2.7
333,7.0,255.0,255,255,9.450000000000001
334,1.0,255.0,255,255,1.35
335,7.0,255.0,255,255,9.450000000000001
336,1.0,255.0,255,255,1.35
337,2.0,255.0,255,255,2.7
338,4.0,255.0,255,255,5.4
339,4.0,255.0,255,255,5.4
340,1.0,255.0,255,255,1.35
341,2.0,255.0,255,255,2.7
342,1.0,255.0,255,255,1.35
343,4.0,255.0,255,255,5.4
344,2.0,255.0,255,255,2.7
345,1.0,255.0,255,255,1.35
346,19.0,255.0,255,255,20.25
347,3.0,255.0,255,255,4.050000000000001
348,1.0,255.0,255,255,1.35
349,1.0,255.0,255,255,1.35
350,3.0,255.0,255,255,4.050000000000001
351,3.0,255.0,255,255,4.050000000000001
352,6.0,255.0,255,255,8.100000000000001
353,1.0,255.0,255,255,1.35
354,6.0,255.0,255,255,8.100000000000001
355,3.0,255.0,255,255,4.050000000000001
356,1.0,255.0,255,255,1.35
357,1.0,255.0,255,255,1.35
358,14.0,255.0,255,255,18.900000000000002
359,5.0,255.0,255,255,6.75
360,3.0,255.0,255,255,4.050000000000001
361,3.0,255.0,255,255,4.050000000000001
362,11.0,255.0,255,255,14.850000000000001
363,1.0,255.0,255,255,1.35
364,2.0,255.0,255,255,2.7
365,4.0,255.0,255,255,5.4
366,1.0,255.0,255,255,1.35
367,1.0,255.0,255,255,1.35
368,23.0,255.0,255,255,28.35
369,1.0,255.0,255,255,1.35
370,1.0,255.0,255,255,1.35
371,3.0,255.0,255,255,4.050000000000001
372,3.0,255.0,255,255,4.050000000000001
373,15.0,255.0,255,255,18.900000000000002
374,2.0,255.0,255,255,2.7
375,4.0,255.0,255,255,5.4
376,1.0,255.0,255,255,1.35
377,3.0,255.0,255,255,4.050000000000001
378,4.0,255.0,255,255,5.4
379,2.0,255.0,255,255,2.7
380,3.0,255.0,255,255,4.050000000000001
381,2.0,255.0,255,255,2.7
382,1.0,255.0,255,255,1.35
383,2.0,255.0,255,255,2.7
384,1.0,255.0,255,255,1.35
385,2.0,255.0,255,255,2.7
386,1.0,255.0,255,255,1.35
387,1.0,255.0,255,255,1.35
388,1.0,255.0,255,255,1.35
389,6.0,255.0,255,255,8.100000000000001
390,2.0,255.0,255,255,2.7
391,1.0,255.0,255,255,1.35
392,2.0,255.0,255,255,2.7
393,1.0,255.0,255,255,1.35
394,5.0,255.0,255,255,6.75
395,4.0,255.0,255,255,5.4
396,3.0,255.0,255,255,4.050000000000001
397,1.0,255.0,255,255,1.35
398,3.0,255.0,255,255,4.050000000000001
399,1.0,255.0,255,255,1.35
400,1.0,255.0,255,255,1.35
401,1.0,255.0,255,255,1.35
402,4.0,255.0,255,255,5.4
403,1.0,255.0,255,255,1.35
404,1.0,255.0,255,255,1.35
405,1.0,255.0,255,255,1.35
406,16.0,255.0,255,255,18.900000000000002
407,2.0,255.0,255,255,2.7
408,3.0,255.0,255,255,4.050000000000001
409,1.0,255.0,255,255,1.35
410,2.0,255.0,255,255,2.7
411,1.0,255.0,255,255,1.35
412,2.0,255.0,255,255,2.7
413,1.0,255.0,255,255,1.35
414,1.0,255.0,255,255,1.35
415,1.0,255.0,255,255,1.35
416,1.0,255.0,255,255,1.35
417,2.0,255.0,255,255,2.7
418,1.0,255.0,255,255,1.35
419,3.0,255.0,255,255,4.050000000000001
420,1.0,255.0,255,255,1.35
421,1.0,255.0,255,255,1.35
422,1.0,255.0,255,255,1.35
423,2.0,255.0,255,255,2.7
424,1.0,255.0,255,255,1.35
425,2.0,255.0,255,255,2.7
426,1.0,255.0,255,255,1.35
427,1.0,255.0,255,255,1.35
428,5.0,255.0,255,255,6.75
429,2.0,255.0,255,255,2.7
430,3.0,255.0,255,255,4.050000000000001
431,4.0,255.0,255,255,5.4
432,5.0,255.0,255,255,6.75
433,3.0,255.0,255,255,4.050000000000001
434,3.0,255.0,255,255,4.050000000000001
435,1.0,255.0,255,255,1.35
436,2.0,255.0,255,255,2.7
437,1.0,255.0,255,255,1.35
438,63.0,255.0,255,255,82.35000000000001
439,5.0,255.0,255,255,6.75
440,3.0,255.0,255,255,4.050000000000001
441,1.0,255.0,255,255,1.35
442,2.0,255.0,255,255,2.7
443,2.0,255.0,255,255,2.7
444,4.0,255.0,255,255,5.4
445,2.0,255.0,255,255,2.7
446,4.0,255.0,255,255,5.4
447,1.0,255.0,255,255,1.35
448,1.0,255.0,255,255,1.35
449,2.0,255.0,255,255,2.7
450,1.0,255.0,255,255,1.35
451,14.0,255.0,255,255,16.200000000000003
452,3.0,255.0,255,255,4.050000000000001
453,1.0,255.0,255,255,1.35
454,23.0,255.0,255,255,28.35
455,1.0,255.0,255,255,1.35
456,1.0,255.0,255,255,1.35
457,1.0,255.0,255,255,1.35
458,1.0,255.0,255,255,1.35
459,1.0,255.0,255,255,1.35
460,5.0,255.0,255,255,6.75
461,1.0,255.0,255,255,1.35
462,8.0,255.0,255,255,10.8
463,2.0,255.0,255,255,2.7
464,1.0,255.0,255,255,1.35
465,1.0,255.0,255,255,1.35
466,12.0,255.0,255,255,16.200000000000003
467,35.0,255.0,255,255,37.800000000000004
468,1.0,255.0,255,255,1.35
469,9.0,255.0,255,255,12.15
470,1.0,255.0,255,255,1.35
471,1.0,255.0,255,255,1.35
472,2.0,255.0,255,255,2.7
473,5.0,255.0,255,255,6.75
474,5.0,255.0,255,255,6.75
475,3.0,255.0,255,255,4.050000000000001
476,5.0,255.0,255,255,6.75
477,2.0,255.0,255,255,2.7
478,51.0,255.0,255,255,48.6
479,1.0,255.0,255,255,1.35
480,2.0,255.0,255,255,2.7
481,10.0,255.0,255,255,13.5
482,1.0,255.0,255,255,1.35
483,3.0,255.0,255,255,4.050000000000001
484,1.0,255.0,255,255,1.35
485,4.0,255.0,255,255,5.4
486,1.0,255.0,255,255,1.35
487,3.0,255.0,255,255,4.050000000000001
488,1.0,255.0,255,255,1.35
489,1.0,255.0,255,255,1.35
490,1.0,255.0,255,255,1.35
491,1.0,255.0,255,255,1.35
492,3.0,255.0,255,255,4.050000000000001
493,1.0,255.0,255,255,1.35
494,2.0,255.0,255,255,2.7
495,2.0,255.0,255,255,2.7
496,1.0,255.0,255,255,1.35
497,2.0,255.0,255,255,2.7
498,2.0,255.0,255,255,2.7
499,6.0,255.0,255,255,8.100000000000001
500,2.0,255.0,255,255,2.7
501,2.0,255.0,255,255,2.7
502,25.0,255.0,255,255,32.400000000000006
503,9.0,255.0,255,255,12.15
504,1.0,255.0,255,255,1.35
505,1.0,255.0,255,255,1.35
506,29.0,255.0,255,255,36.45
507,1.0,255.0,255,255,1.35
508,2.0,255.0,255,255,2.7
509,81.0,255.0,255,255,76.95
510,2.0,255.0,255,255,2.7
511,1.0,255.0,255,255,1.35
512,1.0,255.0,255,255,1.35
513,1.0,255.0,255,255,1.35
514,1.0,255.0,255,255,1.35
515,1.0,255.0,255,255,1.35
516,1.0,255.0,255,255,1.35
517,1.0,255.0,255,255,1.35
518,2.0,255.0,255,255,2.7
519,2.0,255.0,255,255,2.7
520,1.0,255.0,255,255,1.35
521,2.0,255.0,255,255,2.7
522,1.0,255.0,255,255,1.35
523,2.0,255.0,255,255,2.7
524,1.0,255.0,255,255,1.35
525,3.0,255.0,255,255,4.050000000000001
526,1.0,255.0,255,255,1.35
527,1.0,255.0,255,255,1.35
528,10.0,255.0,255,255,13.5
529,2.0,255.0,255,255,2.7
530,11.0,255.0,255,255,14.850000000000001
531,3.0,255.0,255,255,4.050000000000001
532,67.0,255.0,255,255,74.25
533,6.0,255.0,255,255,8.100000000000001
534,1.0,255.0,255,255,1.35
535,2.0,255.0,255,255,2.7
536,2.0,255.0,255,255,2.7
537,2.0,255.0,255,255,2.7
538,3.0,255.0,255,255,4.050000000000001
539,2.0,255.0,255,255,2.7
540,5.0,255.0,255,255,6.75
541,3.0,255.0,255,255,4.050000000000001
542,1.0,255.0,255,255,1.35
543,1.0,255.0,255,255,1.35
544,3.0,255.0,255,255,4.050000000000001
545,158.0,255.0,255,255,170.10000000000002
546,1.0,255.0,255,255,1.35
547,5.0,255.0,255,255,6.75
548,2.0,255.0,255,255,2.7
549,3.0,255.0,255,255,4.050000000000001
550,1.0,255.0,255,255,1.35
551,12.0,255.0,255,255,14.850000000000001
552,3.0,255.0,255,255,4.050000000000001
553,3.0,255.0,255,255,4.050000000000001
554,4.0,255.0,255,255,5.4
555,2.0,255.0,255,255,2.7
556,1.0,255.0,255,255,1.35
557,1.0,255.0,255,255,1.35
558,1.0,255.0,255,255,1.35
559,3.0,255.0,255,255,4.050000000000001
560,5.0,255.0,255,255,6.75
561,1.0,255.0,255,255,1.35
562,2.0,255.0,255,255,2.7
563,1.0,255.0,255,255,1.35
564,4.0,255.0,255,255,5.4
565,1.0,255.0,255,255,1.35
566,1.0,255.0,255,255,1.35
567,6.0,255.0,255,255,8.100000000000001
568,2.0,255.0,255,255,2.7
569,1.0,255.0,255,255,1.35
570,1.0,255.0,255,255,1.35
571,1.0,255.0,255,255,1.35
572,1.0,255.0,255,255,1.35
573,4.0,255.0,255,255,5.4
574,6.0,255.0,255,255,8.100000000000001
575,3.0,255.0,255,255,4.050000000000001
576,2.0,255.0,255,255,2.7
577,1.0,255.0,255,255,1.35
578,4.0,255.0,255,255,5.4
579,1.0,255.0,255,255,1.35
580,1.0,255.0,255,255,1.35
581,14.0,255.0,255,255,18.900000000000002
582,2.0,255.0,255,255,2.7
583,1.0,255.0,255,255,1.35
584,1.0,255.0,255,255,1.35
585,3.0,255.0,255,255,4.050000000000001
586,1.0,255.0,255,255,1.35
587,1.0,255.0,255,255,1.35
588,1.0,255.0,255,255,1.35
589,1.0,255.0,255,255,1.35
590,1.0,255.0,255,255,1.35
591,28.0,255.0,255,255,31.05
592,1.0,255.0,255,255,1.35
593,2.0,255.0,255,255,2.7
594,8.0,255.0,255,255,10.8
595,7.0,255.0,255,255,9.450000000000001
596,10.0,255.0,255,255,13.5
597,1.0,255.0,255,255,1.35
598,1.0,255.0,255,255,1.35
599,1.0,255.0,255,255,1.35
600,3.0,255.0,255,255,4.050000000000001
601,3.0,255.0,255,255,4.050000000000001
602,1.0,255.0,255,255,1.35
603,1.0,255.0,255,255,1.35
604,1.0,255.0,255,255,1.35
605,1.0,255.0,255,255,1.35
606,3.0,255.0,255,255,4.050000000000001
607,2.0,255.0,255,255,2.7
608,1.0,255.0,255,255,1.35
609,2.0,255.0,255,255,2.7
610,1.0,255.0,255,255,1.35
611,2.0,255.0,255,255,2.7
612,1.0,255.0,255,255,1.35
613,1.0,255.0,255,255,1.35
614,2.0,255.0,255,255,2.7
615,1.0,255.0,255,255,1.35
616,1.0,255.0,255,255,1.35
617,4.0,255.0,255,255,5.4
618,1.0,255.0,255,255,1.35
619,7.0,255.0,255,255,9.450000000000001
620,2.0,255.0,255,255,2.7
621,1.0,255.0,255,255,1.35
622,2.0,255.0,255,255,2.7
623,11.0,255.0,255,255,14.850000000000001
624,1.0,255.0,255,255,1.35
625,4.0,255.0,255,255,5.4
626,2.0,255.0,255,255,2.7
627,1.0,255.0,255,255,1.35
628,2.0,255.0,255,255,2.7
629,1.0,255.0,255,255,1.35
630,2.0,255.0,255,255,2.7
631,1.0,255.0,255,255,1.35
632,2.0,255.0,255,255,2.7
633,1.0,255.0,255,255,1.35
634,1.0,255.0,255,255,1.35
635,1.0,255.0,255,255,1.35
636,2.0,255.0,255,255,2.7
637,1.0,255.0,255,255,1.35
638,1.0,255.0,255,255,1.35
639,1.0,255.0,255,255,1.35
640,4.0,255.0,255,255,5.4
641,8.0,255.0,255,255,10.8
642,2.0,255.0,255,255,2.7
643,17.0,255.0,255,255,20.25
644,1.0,255.0,255,255,1.35
645,1.0,255.0,255,255,1.35
646,1.0,255.0,255,255,1.35
647,4.0,255.0,255,255,5.4
648,2.0,255.0,255,255,2.7
649,7.0,255.0,255,255,9.450000000000001
650,2.0,255.0,255,255,2.7
651,1.0,255.0,255,255,1.35
652,3.0,255.0,255,255,4.050000000000001
653,1.0,255.0,255,255,1.35
654,2.0,255.0,255,255,2.7
655,18.0,255.0,255,255,24.3
656,6.0,255.0,255,255,8.100000000000001
657,2.0,255.0,255,255,2.7
658,4.0,255.0,255,255,5.4
659,1.0,255.0,255,255,1.35
660,3.0,255.0,255,255,4.050000000000001
661,1.0,255.0,255,255,1.35
662,1.0,255.0,255,255,1.35
663,2.0,255.0,255,255,2.7
664,4.0,255.0,255,255,5.4
665,1.0,255.0,255,255,1.35
666,12.0,255.0,255,255,16.200000000000003
667,1.0,255.0,255,255,1.35
668,1.0,255.0,255,255,1.35
669,1.0,255.0,255,255,1.35
670,1.0,255.0,255,255,1.35
671,6.0,255.0,255,255,8.100000000000001
672,1.0,255.0,255,255,1.35
673,5.0,255.0,255,255,6.75
674,4.0,255.0,255,255,5.4
675,4.0,255.0,255,255,5.4
676,2.0,255.0,255,255,2.7
677,1.0,255.0,255,255,1.35
678,1.0,255.0,255,255,1.35
679,9.0,255.0,255,255,12.15
680,1.0,255.0,255,255,1.35
681,1.0,255.0,255,255,1.35
682,3.0,255.0,255,255,4.050000000000001
683,1.0,255.0,255,255,1.35
684,1.0,255.0,255,255,1.35
685,1.0,255.0,255,255,1.35
686,4.0,255.0,255,255,5.4
687,1.0,255.0,255,255,1.35
688,16.0,255.0,255,255,21.6
689,5.0,255.0,255,255,6.75
690,1.0,255.0,255,255,1.35
691,1.0,255.0,255,255,1.35
692,1.0,255.0,255,255,1.35
693,2.0,255.0,255,255,2.7
694,3.0,255.0,255,255,4.050000000000001
695,3.0,255.0,255,255,4.050000000000001
696,7.0,255.0,255,255,9.450000000000001
697,2.0,255.0,255,255,2.7
698,3.0,255.0,255,255,4.050000000000001
699,8.0,255.0,255,255,10.8
700,1.0,255.0,255,255,1.35
701,4.0,255.0,255,255,5.4
702,2.0,255.0,255,255,2.7
703,1.0,255.0,255,255,1.35
704,4.0,255.0,255,255,5.4
705,12.0,255.0,255,255,16.200000000000003
706,1.0,255.0,255,255,1.35
707,109.0,255.0,255,255,117.45
708,2.0,255.0,255,255,2.7
709,2.0,255.0,255,255,2.7
710,15.0,255.0,255,255,20.25
711,1.0,255.0,255,255,1.35
712,1.0,255.0,255,255,1.35
713,1.0,255.0,255,255,1.35
714,1.0,255.0,255,255,1.35
715,2.0,255.0,255,255,2.7
716,2.0,255.0,255,255,2.7
717,1.0,255.0,255,255,1.35
718,5.0,255.0,255,255,6.75
719,1.0,255.0,255,255,1.35
720,1.0,255.0,255,255,1.35
721,6.0,255.0,255,255,8.100000000000001
722,2.0,255.0,255,255,2.7
723,5.0,255.0,255,255,6.75
724,19.0,255.0,255,255,25.650000000000002
725,1.0,255.0,255,255,1.35
726,7.0,255.0,255,255,9.450000000000001
727,1.0,255.0,255,255,1.35
728,16.0,255.0,255,255,21.6
729,2.0,255.0,255,255,2.7
730,1.0,255.0,255,255,1.35
731,10.0,255.0,255,255,13.5
732,1.0,255.0,255,255,1.35
733,2.0,255.0,255,255,2.7
734,1.0,255.0,255,255,1.35
735,1.0,255.0,255,255,1.35
736,1.0,255.0,255,255,1.35
737,16.0,255.0,255,255,18.900000000000002
738,2.0,255.0,255,255,2.7
739,2.0,255.0,255,255,2.7
740,1.0,255.0,255,255,1.35
741,3.0,255.0,255,255,4.050000000000001
742,8.0,255.0,255,255,10.8
743,18.0,255.0,255,255,24.3
744,13.0,255.0,255,255,17.55
745,3.0,255.0,255,255,4.050000000000001
746,1.0,255.0,255,255,1.35
747,1.0,255.0,255,255,1.35
748,7.0,255.0,255,255,9.450000000000001
749,1.0,255.0,255,255,1.35
750,2.0,255.0,255,255,2.7
751,2.0,255.0,255,255,2.7
752,2.0,255.0,255,255,2.7
753,1.0,255.0,255,255,1.35
754,1.0,255.0,255,255,1.35
755,8.0,255.0,255,255,10.8
756,1.0,255.0,255,255,1.35
757,1.0,255.0,255,255,1.35
758,3.0,255.0,255,255,4.050000000000001
759,2.0,255.0,255,255,2.7
760,16.0,255.0,255,255,21.6
761,2.0,255.0,255,255,2.7
762,1.0,255.0,255,255,1.35
763,1.0,255.0,255,255,1.35
764,5.0,255.0,255,255,6.75
765,1.0,255.0,255,255,1.35
766,1.0,255.0,255,255,1.35
767,1.0,255.0,255,255,1.35
768,2.0,255.0,255,255,2.7
769,1.0,255.0,255,255,1.35
770,1.0,255.0,255,255,1.35
771,3.0,255.0,255,255,4.050000000000001
772,137.0,255.0,255,255,143.10000000000002
773,2.0,255.0,255,255,2.7
774,1.0,255.0,255,255,1.35
775,41.0,255.0,255,255,49.95
776,9.0,255.0,255,255,12.15
777,1.0,255.0,255,255,1.35
778,12.0,255.0,255,255,16.200000000000003
779,2.0,255.0,255,255,2.7
780,1.0,255.0,255,255,1.35
781,2.0,255.0,255,255,2.7
782,1.0,255.0,255,255,1.35
783,5.0,255.0,255,255,6.75
784,1.0,255.0,255,255,1.35
785,1.0,255.0,255,255,1.35
786,1.0,255.0,255,255,1.35
787,1.0,255.0,255,255,1.35
788,15.0,255.0,255,255,20.25
789,7.0,255.0,255,255,9.450000000000001
790,3.0,255.0,255,255,4.050000000000001
791,1.0,255.0,255,255,1.35
792,1.0,255.0,255,255,1.35
793,1.0,255.0,255,255,1.35
794,1.0,255.0,255,255,1.35
795,258.0,255.0,255,255,253.8
796,3.0,255.0,255,255,4.050000000000001
797,2.0,255.0,255,255,2.7
798,1.0,255.0,255,255,1.35
799,1.0,255.0,255,255,1.35
800,2.0,255.0,255,255,2.7
801,5.0,255.0,255,255,6.75
802,3.0,255.0,255,255,4.050000000000001
803,1.0,255.0,255,255,1.35
804,1.0,255.0,255,255,1.35
805,1.0,255.0,255,255,1.35
806,1.0,255.0,255,255,1.35
807,3.0,255.0,255,255,4.050000000000001
808,20.0,255.0,255,255,24.3
809,1.0,255.0,255,255,1.35
810,9.0,255.0,255,255,12.15
811,1.0,255.0,255,255,1.35
812,2.0,255.0,255,255,2.7
813,2.0,255.0,255,255,2.7
814,2.0,255.0,255,255,2.7
815,2.0,255.0,255,255,2.7
816,3.0,255.0,255,255,4.050000000000001
817,1.0,255.0,255,255,1.35
818,122.0,255.0,255,255,99.9
819,2.0,255.0,255,255,2.7
820,4.0,255.0,255,255,5.4
821,2.0,255.0,255,255,2.7
822,1.0,255.0,255,255,1.35
823,41.0,255.0,255,255,49.95
824,3.0,255.0,255,255,4.050000000000001
825,2.0,255.0,255,255,2.7
826,1.0,255.0,255,255,1.35
827,3.0,255.0,255,255,4.050000000000001
828,1.0,255.0,255,255,1.35
829,1.0,255.0,255,255,1.35
830,1.0,255.0,255,255,1.35
831,1.0,255.0,255,255,1.35
832,73.0,255.0,255,255,91.80000000000001
833,1.0,255.0,255,255,1.35
834,57.0,255.0,255,255,67.5
835,10.0,255.0,255,255,13.5
836,22.0,255.0,255,255,29.700000000000003
837,1.0,255.0,255,255,1.35
838,1.0,255.0,255,255,1.35
839,19.0,255.0,255,255,25.650000000000002
840,1.0,255.0,255,255,1.35
841,114.0,255.0,255,255,133.65
842,19.0,255.0,255,255,25.650000000000002
843,1.0,255.0,255,255,1.35
844,2.0,255.0,255,255,2.7
845,1.0,255.0,255,255,1.35
846,6.0,255.0,255,255,8.100000000000001
847,1.0,255.0,255,255,1.35
848,2.0,255.0,255,255,2.7
849,33.0,255.0,255,255,35.1
850,1.0,255.0,255,255,1.35
851,2.0,255.0,255,255,2.7
852,1.0,255.0,255,255,1.35
853,1.0,255.0,255,255,1.35
854,1.0,255.0,255,255,1.35
855,128.0,255.0,255,255,124.2
856,1.0,255.0,255,255,1.35
857,1.0,255.0,255,255,1.35
858,1.0,255.0,255,255,1.35
859,3.0,255.0,255,255,4.050000000000001
860,3.0,255.0,255,255,4.050000000000001
861,1.0,255.0,255,255,1.35
862,2.0,255.0,255,255,2.7
863,6.0,255.0,255,255,8.100000000000001
864,2.0,255.0,255,255,2.7
865,23.0,255.0,255,255,31.05
866,1.0,255.0,255,255,1.35
867,1.0,255.0,255,255,1.35
868,20.0,255.0,255,255,27.0
869,2.0,255.0,255,255,2.7
870,2.0,255.0,255,255,2.7
871,3.0,255.0,255,255,4.050000000000001
872,2.0,255.0,255,255,2.7
873,2.0,255.0,255,255,2.7
874,6.0,255.0,255,255,8.100000000000001
875,2.0,255.0,255,255,2.7
876,1.0,255.0,255,255,1.35
877,1.0,255.0,255,255,1.35
878,2.0,255.0,255,255,2.7
879,2.0,255.0,255,255,2.7
880,1.0,255.0,255,255,1.35
881,3.0,255.0,255,255,4.050000000000001
882,1.0,255.0,255,255,1.35
883,2.0,255.0,255,255,2.7
884,1.0,255.0,255,255,1.35
885,1.0,255.0,255,255,1.35
886,1.0,255.0,255,255,1.35
887,13.0,255.0,255,255,17.55
888,1.0,255.0,255,255,1.35
889,4.0,255.0,255,255,5.4
890,1.0,255.0,255,255,1.35
891,2.0,255.0,255,255,2.7
892,1.0,255.0,255,255,1.35
893,1.0,255.0,255,255,1.35
894,1.0,255.0,255,255,1.35
895,1.0,255.0,255,255,1.35
896,7.0,255.0,255,255,9.450000000000001
897,1.0,255.0,255,255,1.35
898,1.0,255.0,255,255,1.35
899,3.0,255.0,255,255,4.050000000000001
900,3.0,255.0,255,255,4.050000000000001
901,1.0,255.0,255,255,1.35
902,2.0,255.0,255,255,2.7
903,1.0,255.0,255,255,1.35
904,1.0,255.0,255,255,1.35
905,1.0,255.0,255,255,1.35
906,1.0,255.0,255,255,1.35
907,2.0,255.0,255,255,2.7
908,1.0,255.0,255,255,1.35
909,2.0,255.0,255,255,2.7
910,2.0,255.0,255,255,2.7
911,2.0,255.0,255,255,2.7
912,1.0,255.0,255,255,1.35
913,2.0,255.0,255,255,2.7
914,1.0,255.0,255,255,1.35
915,2.0,255.0,255,255,2.7
916,1.0,255.0,255,255,1.35
917,1.0,255.0,255,255,1.35
918,1.0,255.0,255,255,1.35
919,6.0,255.0,255,255,8.100000000000001
920,1.0,255.0,255,255,1.35
921,2.0,255.0,255,255,2.7
922,2.0,255.0,255,255,2.7
923,1.0,255.0,255,255,1.35
924,1.0,255.0,255,255,1.35
925,1.0,255.0,255,255,1.35
926,4.0,255.0,255,255,5.4
927,1.0,255.0,255,255,1.35
928,1.0,255.0,255,255,1.35
929,5.0,255.0,255,255,6.75
930,1.0,255.0,255,255,1.35
931,1.0,255.0,255,255,1.35
932,2.0,255.0,255,255,2.7
933,2.0,255.0,255,255,2.7
934,3.0,255.0,255,255,4.050000000000001
935,1.0,255.0,255,255,1.35
936,2.0,255.0,255,255,2.7
937,1.0,255.0,255,255,1.35
938,2.0,255.0,255,255,2.7
939,3.0,255.0,255,255,4.050000000000001
940,4.0,255.0,255,255,5.4
